Employee_ID,Name,Age,City,Department,Education_Level,Experience_Level,Years_Experience,Monthly_Salary,Performance_Score,Monthly_Hours,Gender
1001,Sara,23,Cairo,Data,Bachelor,Junior,1,8500,7.8,160,F
1002,Omar,29,Alexandria,Sales,Master,Mid,5,14500,8.1,172,M
1003,Lina,31,Cairo,HR,Bachelor,Mid,7,13200,7.5,168,F
1004,Youssef,27,Giza,IT,Bachelor,Junior,3,11000,8.7,180,M
1005,Nour,35,Cairo,Data,Master,Senior,10,21000,9.0,176,F
1006,Karim,41,Alexandria,Sales,Bachelor,Senior,15,24500,8.4,190,M
1007,Mariam,26,Giza,Marketing,Bachelor,Junior,2,9800,7.1,165,F
1008,Ahmed,33,Cairo,IT,Master,Mid,8,17500,8.8,182,M
1009,Hana,28,Mansoura,HR,Bachelor,Mid,4,12500,7.9,170,F
1010,Mostafa,38,Cairo,Finance,Master,Senior,12,23000,9.1,188,M
1011,Aya,24,Alexandria,Marketing,Bachelor,Junior,1,9000,7.0,158,F
1012,Mahmoud,30,Giza,Data,Master,Mid,6,16000,8.5,174,M
1013,Reem,32,Cairo,Finance,Bachelor,Mid,7,15800,8.0,178,F
1014,Ali,45,Mansoura,Sales,Master,Senior,20,28000,8.6,195,M
1015,Farah,27,,IT,Bachelor,Junior,3,10800,7.6,169,F
1016,Tarek,36,Cairo,Data,PhD,Senior,11,26000,9.3,184,M
1017,Dina,29,Giza,HR,Master,Mid,5,,8.2,171,F
1018,Hassan,34,Alexandria,Finance,Bachelor,Mid,9,18200,8.4,186,M
1019,Mona,25,Cairo,Marketing,,Junior,2,9500,7.4,162,F
1020,Ibrahim,39,Mansoura,IT,Master,Senior,13,24000,8.9,192,M
1021,Salma,28,Cairo,Data,Bachelor,Mid,4,15000,8.3,175,F
1022,Khaled,31,Giza,Sales,Bachelor,Mid,6,15500,7.7,181,M
1023,Nada,30,Alexandria,Finance,Master,Mid,6,17000,,177,F
1024,Amr,42,Cairo,HR,Bachelor,Senior,16,22000,8.1,189,M
1025,Rana,26,Mansoura,Marketing,Bachelor,Junior,3,10200,7.3,164,F
1026,Wael,37,Cairo,IT,Master,Senior,12,23500,8.7,,M
1027,Menna,29,Giza,Data,Master,Mid,5,16500,8.6,173,F
1028,Samir,44,Alexandria,Sales,Bachelor,Senior,18,27000,8.2,198,M
1029,Jana,22,Cairo,Finance,Bachelor,Junior,0,7800,7.2,156,F
1030,Adel,72,Giza,IT,Master,Senior,40,52000,8.5,205,M
1031,Laila,33,Cairo,Data,PhD,Senior,8,250000,9.4,183,F
1032,Fady,28,Alexandria,Marketing,Bachelor,Mid,4,12000,7.8,400,M
1033,Sara,23,Cairo,Data,Bachelor,Junior,1,8500,7.8,160,F
1034,Omar,29,Alexandria,Sales,Master,Mid,5,14500,8.1,172,M
1035,Dina,29,Giza,HR,Master,Mid,5,,8.2,171,F
1036,Mona,25,Cairo,Marketing,,Junior,2,9500,7.4,162,F
1008,Ahmed,33,Cairo,IT,Master,Mid,8,17500,8.8,182,M
1021,Salma,28,Cairo,Data,Bachelor,Mid,4,15000,8.3,175,F
